id,ra,dec,type,subtype,I_mean,V_mean,period,I_amp,period2,class_grouped,n_obs_I,I_median,I_p95_p5,I_mad,I_kurtosis,V_minus_I,log_period,log_period2,period_ratio,has_period2,phot_I_path,phot_V_path,n_obs_I_phot,I_phot_mean,I_phot_median,I_phot_weighted_mean,I_phot_std,I_phot_mad,I_phot_p95_p5,n_obs_V,V_phot_mean,V_phot_median,V_phot_weighted_mean,V_phot_std,V_phot_mad,V_phot_p95_p5,V_minus_I_phot_mean,V_minus_I_phot_median,V_minus_I_phot_weighted_mean,ls_period_I,ls_log_period_I,ls_frequency_I,ls_power_I,ls_period_catalog_ratio,ls_log_period_delta_catalog,fourier_period_I,fourier_period_source_I,fourier_phase_coverage_I,fourier_offset_I,fourier_model_amp_I,fourier_total_amp_I,fourier_resid_std_I,fourier_chi2_red_I,fourier_var_ratio_I,fourier_A1_I,fourier_phi1_I,fourier_A2_I,fourier_phi2_I,fourier_A3_I,fourier_phi3_I,fourier_A4_I,fourier_phi4_I,fourier_R21_I,fourier_phi21_I,fourier_R31_I,fourier_phi31_I,fourier_R41_I,fourier_phi41_I,sample_type
LMC562.24.15,05:51:07.62,-67:25:03.1,DCEP,F,14.509,15.249,5.50733,0.511,,PULS,345,14.5,0.4898000000000007,0.1400000000000005,-1.1762821499458265,0.7400000000000002,0.7409411002483335,,,0,OGLE4-GSEP-full\phot\I\LMC562.24.15.dat,OGLE4-GSEP-full\phot\V\LMC562.24.15.dat,345,14.51950724637681,14.5,14.519507246376811,0.1569526501688066,0.1400000000000005,0.4898000000000007,29,15.185724137931038,15.133,15.185724137931034,0.2694287470811059,0.1800000000000015,0.8152000000000008,0.6662168915542281,0.6329999999999991,0.6662168915542228,5.507183625144678,0.7409295573342979,0.1815810163718173,0.7996477991102312,0.999973421811418,-1.1542914035600482e-05,5.507183625144678,lomb_scargle,1.0,14.520597009639514,0.5183370863502806,0.2267819254718402,0.0074525228794449,2.2744992214780884,0.9977454008986856,0.2042412623541528,5.986776586476184,0.0900808402468051,4.336336294225053,0.0358576645792306,2.5820515333003486,0.0177543961894063,0.8074658816945435,0.4410511333924563,4.929153735631858,0.1755652318533642,3.471277695410553,0.0869285470759592,1.9931007645081529,best
LMC562.14.10429,05:51:54.01,-67:31:28.8,DCEP,F,14.599,15.363,5.38032,0.414,,PULS,345,14.59,0.4048000000000016,0.1120000000000001,-1.1582696041164184,0.7639999999999993,0.7308081065402386,,,0,OGLE4-GSEP-full\phot\I\LMC562.14.10429.dat,,345,14.600371014492756,14.59,14.600371014492753,0.1312352373773563,0.1120000000000001,0.4048000000000016,0,,,,,,,,,,5.380444222261011,0.7308181335311428,0.1858582597813405,0.8149031093963913,1.0000230882663133,1.0026990904132838e-05,5.380444222261011,lomb_scargle,1.0,14.606493685680933,0.4138552173524328,0.1842575509997953,0.0063955564351148,1.675081058032178,0.997625043011162,0.1685996629744678,2.2655518090157885,0.0696801478732212,3.1631433945187557,0.0246734813158473,4.069816172974383,0.0078035285262873,4.944192953123375,0.413287586961389,4.915225083666765,0.1463435980864552,3.556346053106603,0.0462843661049847,2.1651710242398075,best
LMC562.25.64,05:49:03.39,-67:22:18.3,DCEP,1O,15.508,16.048,1.436722,0.31,,PULS,345,15.542,0.3018,0.0939999999999994,-1.4232759098509422,0.5399999999999991,0.1573727420061967,,,0,OGLE4-GSEP-full\phot\I\LMC562.25.64.dat,OGLE4-GSEP-full\phot\V\LMC562.25.64.dat,345,15.516649275362315,15.542,15.51495688317372,0.1092812214224292,0.0939999999999994,0.3018,29,16.019068965517242,15.974,16.019068965517242,0.199203401260851,0.1880000000000006,0.5358000000000018,0.5024196901549249,0.4320000000000004,0.5041120823435232,1.436713128889847,0.1573700604254301,0.6960331745368704,0.867128153134061,0.9999938254511638,-2.681580766605851e-06,1.436713128889847,lomb_scargle,1.0,15.513240876008656,0.3111977659191203,0.1512265234622706,0.0058151391223566,1.3264454646222728,0.9971684180332896,0.1460659809174867,5.174772666276373,0.0373785395861183,2.109084962401554,0.0109531561687829,5.136809429366068,0.0041308310844579,2.280261001603757,0.2559017462610522,4.325910244207982,0.0749877288331112,2.178862044896121,0.0282805829154118,0.4307262580370263,best
LMC562.10.8556,05:59:02.45,-67:35:40.6,LPV,SRV,13.746,16.61,715.0,0.299,128.0,LPV,344,13.702,0.5057000000000009,0.1234999999999999,-1.0045013951581692,2.863999999999999,2.8543060418010806,2.1072099696478683,0.179020979020979,1,OGLE4-GSEP-full\phot\I\LMC562.10.8556.dat,OGLE4-GSEP-full\phot\V\LMC562.10.8556.dat,344,13.728619186046512,13.702,13.728619186046512,0.1652930176130823,0.1234999999999999,0.5057000000000009,29,16.559413793103445,16.564,16.528908367961023,0.1951013504458972,0.125,0.6389999999999958,2.830794607056932,2.862,2.800289181914512,741.4031520000002,2.870054428056233,0.0013487938341001,0.8144409354757414,1.0369274853146857,0.0157483862551526,741.4031520000002,lomb_scargle,0.85,13.73842746124638,0.5814516454390215,0.2805836039136665,0.0135140409370516,7.479623968927656,0.993315615187794,0.2712403758032063,2.477414789375337,0.0651793165730296,0.3258045569143376,0.0115534575316558,4.519161655665304,0.0278207050495443,4.636551894109059,0.2403009374250364,1.6541602853432495,0.0425949031276903,3.3701025947188787,0.1025684504645029,1.0100780437872965,best
LMC571.11.128,06:05:26.47,-65:49:22.3,ECL,,16.816,17.569,0.3109711,0.513,,BINARY,332,16.764499999999998,0.475249999999999,0.0954999999999977,-0.8775857883122189,0.7530000000000001,-0.5072799701169749,,,0,OGLE4-GSEP-full\phot\I\LMC571.11.128.dat,,332,16.826328313253015,16.764499999999998,16.794932538094976,0.1589483681188953,0.0954999999999977,0.475249999999999,0,,,,,,,,,,0.1554857399947015,-0.8083094350975578,6.431457959000464,0.7805070153234853,0.5000006109722143,-0.3010294649805829,0.1554857399947015,lomb_scargle,1.0,16.827245441873032,0.4861145785388222,0.230128226729128,0.0170602521594578,2.3152190764346248,0.9884798337909824,0.2183096168249844,2.326237413928682,0.0682648215899283,4.651874917515922,0.0245572597530651,0.6725195039051687,0.0060635852378899,3.3465715464664383,0.3126972718048201,6.282585396838145,0.1124882179274418,6.260177876478296,0.0277751632112065,0.324807197931297,best
LMC571.04.5303,06:03:48.68,-66:02:48.5,ECL,,16.76,17.615,0.2737385,0.539,,BINARY,332,16.7025,0.5218999999999987,0.099499999999999,-0.9531138626824852,0.8549999999999969,-0.56266411686945,,,0,OGLE4-GSEP-full\phot\I\LMC571.04.5303.dat,OGLE4-GSEP-full\phot\V\LMC571.04.5303.dat,332,16.780207831325303,16.7025,16.745432010660455,0.1769331095519027,0.099499999999999,0.5218999999999987,29,17.662620689655174,17.592,17.627425508642247,0.2287911420914439,0.1660000000000003,0.5850000000000009,0.8824128583298716,0.8894999999999982,0.8819934979817923,0.1368693895125999,-0.8636936698516643,7.306235554648559,0.7726911023804812,0.5000005096564784,-0.3010295529822143,0.1368693895125999,lomb_scargle,1.0,16.772953761013596,0.5246499495697338,0.2497927955577772,0.0207736674405269,3.895976369914259,0.9862149568674116,0.2370619850974129,5.686030860497277,0.0745532981108893,5.099427685800673,0.0252831587441387,4.545251895867374,0.0007896574897049,5.503565886045329,0.3144886265938172,0.0105512719857054,0.1066521008577122,0.053529928734715,0.0033310169463925,1.6089983655949815,best
LMC562.29.97,05:55:18.03,-67:05:41.3,ECL,,16.359,16.284,2.158649,0.234,,BINARY,345,16.344,0.2230000000000025,0.0489999999999994,-0.7352955347485923,-0.0750000000000028,0.3341820310531916,,,0,OGLE4-GSEP-full\phot\I\LMC562.29.97.dat,,345,16.362617391304347,16.344,16.359029231880935,0.0732250333602982,0.0489999999999994,0.2230000000000025,0,,,,,,,,,,1.0793198015687933,0.0331501448482396,0.9265094539602612,0.846360671028297,0.4999978234390089,-0.3010318862049519,1.0793198015687933,lomb_scargle,1.0,16.360774793675365,0.2310846727683772,0.1031382731909602,0.0089777056042177,1.7020565430238996,0.984968180107536,0.0981067267632684,6.190632937666735,0.0257339105782852,6.152502848070501,0.0173716386479287,6.037106292702743,0.0069689007486932,5.982012712392306,0.2623052610896003,0.0544222799166167,0.1770687823460521,0.0315780940617074,0.0710338727894692,0.0690368832641254,best
LMC570.12.26,06:06:08.24,-67:03:51.2,LPV,Mira,14.108,16.128,210.5,1.131,,LPV,330,14.2105,1.1866500000000002,0.3719999999999999,-1.3299564153620893,2.02,2.323252100171687,,,0,OGLE4-GSEP-full\phot\I\LMC570.12.26.dat,,330,14.204260606060606,14.2105,14.204260606060606,0.4027608806908004,0.3719999999999999,1.1866500000000002,0,,,,,,,,,,209.4706055106858,2.3211230881129747,0.0047739395108063,0.9676658538360088,0.9951097648963696,-0.0021290120587122,209.4706055106858,lomb_scargle,1.0,14.183601735993948,1.2028029435803238,0.5774627556849798,0.0526230340648761,113.52790554137512,0.9829290690699712,0.5748484305328979,3.83620749891317,0.0411930048909866,2.833381182693757,0.0264130325917328,5.177376998091925,0.0248596897509594,1.1634519030697528,0.071658897725092,1.4441514920470038,0.0459478206581296,6.235125115711589,0.0432456425564456,4.668177828955832,best
LMC562.04.330,05:54:56.35,-67:56:55.8,LPV,Mira,16.791,,326.0,1.641,,LPV,344,17.5235,2.350900000000001,0.6575000000000006,-1.2945804123607914,,2.513217600067939,,,0,OGLE4-GSEP-full\phot\I\LMC562.04.330.dat,,344,17.316072674418603,17.5235,16.5528887552442,0.8421474964528173,0.6575000000000006,2.350900000000001,0,,,,,,,,,,320.8252080804991,2.5062684846126024,0.0031169620553915,0.7855200451916616,0.9841264051549056,-0.0069491154553364,320.8252080804991,lomb_scargle,1.0,17.073443925829025,2.611524333745609,1.2482322826949013,0.1186050603213672,166.01792295907424,0.9801650955071362,1.2379197129956907,0.4577491047904435,0.0516288228165618,5.239153407885377,0.0902793083176448,6.176958197936967,0.1217486216868762,2.846892540608938,0.0417061157315471,4.32365519830449,0.0729282419286905,4.803710883565637,0.098349368225385,1.015896121447164,best
LMC563.17.142,05:59:42.70,-66:09:08.0,OTHER,,16.543,17.153,,,,OTHER,334,16.684,0.2246999999999985,0.0630000000000006,-1.1814481020345753,0.6099999999999994,,,,0,OGLE4-GSEP-full\phot\I\LMC563.17.142.dat,,334,16.67816467065868,16.684,16.67219574419515,0.0749575243708135,0.0630000000000006,0.2246999999999985,0,,,,,,,,,,741.3992550000004,2.8700521452900496,0.0013488009237344,0.8268724296175008,,,741.3992550000004,lomb_scargle,0.85,16.660769082223233,0.2223558195635522,0.0949829996232348,0.0143330400694049,3.459142922629074,0.9634366347634046,0.0925544711686402,6.103256261445896,0.0122975642214837,4.998372190096428,0.0152913378308165,5.076459786357374,0.0083895760133094,3.8414204479781833,0.1328683970229464,5.3582302815638085,0.1652144692497318,5.616246923558444,0.0906447404147891,4.561136630912944,best
LMC571.28.403,06:05:42.44,-65:14:03.9,OTHER,,18.118,20.498,,,,OTHER,332,18.384500000000003,0.5074499999999986,0.0865000000000009,-0.9220898613698632,2.3800000000000026,,,,0,OGLE4-GSEP-full\phot\I\LMC571.28.403.dat,OGLE4-GSEP-full\phot\V\LMC571.28.403.dat,332,18.30937951807229,18.384500000000003,18.26686404267482,0.175840649682415,0.0865000000000009,0.5074499999999986,29,20.490655172413792,20.491,20.499190456368595,0.1334638195654723,0.0539999999999984,0.4517999999999986,2.1812756543415013,2.106499999999997,2.2323264136937766,741.3948989999999,2.87004959363882,0.0013488088484946,0.5498135001973932,,,741.3948989999999,lomb_scargle,0.9,18.274576476521705,0.480203066337154,0.2127429513243364,0.0344324296616743,1.1726693978201674,0.9616560562739072,0.2017057156060747,0.0971757636865001,0.0553412966117277,2.989296346294334,0.0374492527865931,0.2484440860257783,0.0104528457890124,3.796546507709914,0.2743665267265289,2.794944818921333,0.1856628240507096,6.2401021021458645,0.0518222587674537,3.407843452963913,best
LMC562.20.9179,05:57:28.22,-67:16:17.0,OTHER,Spots,17.385,18.489,26.12,0.246,,OTHER,342,17.372500000000002,0.2539499999999997,0.0685000000000037,-1.1471698084816928,1.1039999999999992,1.4169731726030363,,,0,OGLE4-GSEP-full\phot\I\LMC562.20.9179.dat,,342,17.389979532163743,17.372500000000002,17.379009748437117,0.0872333113336419,0.0685000000000037,0.2539499999999997,0,,,,,,,,,,26.11845298630332,1.416947449807904,0.0382871068406848,0.8783487601543555,0.9999407728293764,-2.5722795132354648e-05,26.11845298630332,lomb_scargle,1.0,17.387780701500386,0.2382108522971726,0.1199615944343936,0.0215330472152518,3.040278680892728,0.9390678828283484,0.1173835092590563,5.828021202859824,0.0246515295674612,5.488408855821669,0.0017318393617744,4.372210182264252,0.0010948587491383,3.488014006421345,0.21000845623943,0.115551757281608,0.0147536853575605,5.737702495223537,0.0093271938796961,5.308670423700395,best
LMC562.18.1655,06:00:21.57,-67:25:10.9,ECL,,19.628,20.266,12.187,0.285,,BINARY,345,19.632,0.4522000000000012,0.0619999999999976,117.32442809452466,0.6379999999999981,1.085896811131588,,,0,OGLE4-GSEP-full\phot\I\LMC562.18.1655.dat,,345,19.653721739130432,19.632,18.622604614225672,0.2724785103909546,0.0619999999999976,0.4522000000000012,0,,,,,,,,,,0.8571330047112719,-0.0669517816587529,1.1666800770749148,0.0703893523423681,0.0703317473300461,-1.1528485927903411,0.8571330047112719,lomb_scargle,1.0,19.46763675194717,2.03506583837911,0.7358150043987776,0.4886378322294115,130.77339310481057,-2.215952789366062,0.3790629028461414,2.5577002279889016,0.3434454169942866,1.9230602662911689,0.3688930887912311,1.35765335863779,0.3790754159424152,0.8005603025632135,0.9060380596876512,3.090845117492952,0.9731711703293788,6.250923289030258,1.000033010606366,3.1361300049667804,worst
LMC570.26.1344,06:09:58.52,-66:23:02.5,OTHER,,19.101,19.33,0.252734,0.111,,OTHER,329,19.102,0.215799999999998,0.0440000000000004,69.9570968444848,0.2289999999999992,-0.5973363290372944,,,0,OGLE4-GSEP-full\phot\I\LMC570.26.1344.dat,OGLE4-GSEP-full\phot\V\LMC570.26.1344.dat,329,19.101434650455925,19.102,19.05808529870328,0.1020668845298835,0.0440000000000004,0.215799999999998,29,19.33358620689655,19.33,19.33158067087596,0.0637716446400636,0.036999999999999,0.1859999999999999,0.2321515564406233,0.2279999999999979,0.2734953721726825,0.2527387444897585,-0.5973281762506443,3.9566549324237936,0.1169650478733349,1.0000187726612113,8.152786650117427e-06,0.2527387444897585,lomb_scargle,1.0,19.064844186773332,0.3193093919337192,0.1045604906382639,0.1285132650760614,15.981203448869152,-0.5853538001794039,0.0048777269901868,5.850824664048402,0.0602794310024228,0.4379387176367419,0.0665615868563019,2.499773982241433,0.0533390038819511,4.576331639851833,12.358098582330504,1.30266000389911,13.646025493065302,3.796855911634985,10.935217159398324,0.0225889051969829,worst
LMC562.03.8712,05:56:43.55,-67:55:30.8,OTHER,,17.601,17.49,4.6155,0.047,,OTHER,329,17.603,0.0916000000000032,0.0180000000000006,78.18695288167648,-0.1110000000000006,0.6642187553031397,,,0,OGLE4-GSEP-full\phot\I\LMC562.03.8712.dat,OGLE4-GSEP-full\phot\V\LMC562.03.8712.dat,329,17.620799392097265,17.603,17.603843510441017,0.1423464808465085,0.0180000000000006,0.0916000000000032,29,17.490137931034486,17.492,17.4879765743349,0.0213235686807062,0.0150000000000005,0.0638000000000005,-0.1306614610627789,-0.1110000000000006,-0.1158669361061157,0.2493003277010023,-0.6032771506232082,4.011226175359655,0.0358063726758467,0.0540137206588673,-1.267495905926348,0.2493003277010023,lomb_scargle,1.0,17.601087506364877,0.0445701481137493,0.0165080844930107,0.1414329836248623,15.976331155365802,0.0127936576772571,0.0114380934288415,0.0351496937108954,0.0059568102848131,0.1464238821420553,0.0096452639166334,1.6734908938566926,0.0036293480889417,3.1675581664063914,0.5207869932057795,0.0761244947202644,0.8432580111920163,1.568041812724006,0.3173035883576765,3.026959391562809,worst
LMC563.22.349,05:52:08.11,-66:12:13.2,OTHER,,17.882,18.972,0.96153,0.031,,OTHER,335,17.882,0.2441000000000031,0.0190000000000019,18.01988991960856,1.09,-0.017037161107037,,,0,OGLE4-GSEP-full\phot\I\LMC563.22.349.dat,OGLE4-GSEP-full\phot\V\LMC563.22.349.dat,335,17.90394029850746,17.882,17.896055241260814,0.0900833414184233,0.0190000000000019,0.2441000000000031,29,19.05506896551724,18.982,19.01686600253849,0.2985767346972348,0.0359999999999978,0.6027999999999984,1.1511286670097751,1.099999999999998,1.1208107612776743,1.000309043447379,0.0001341951288702,0.9996910520309664,0.0786682245548197,1.040330560094203,0.0171713562359073,1.000309043447379,lomb_scargle,0.7,17.77135873887008,0.0529714389966967,0.2829520273855439,0.0887710282028731,22.18157096929456,0.0289233160720913,0.2170693962871195,0.9098447459633012,0.1512992091093331,5.116504687398028,0.0940711076629146,2.9294921421481277,0.0346684730424873,0.7401401466652471,0.6970084760783521,3.2968151954714253,0.4333688178617587,0.1999579042582233,0.1597114730840777,3.383946469991628,worst
LMC570.20.12,06:07:16.78,-66:50:12.5,LPV,OSARG,15.227,16.588,13.056,0.004,49.91,LPV,326,15.227,0.0247500000000009,0.004999999999999,3.4951426565876,1.3610000000000009,1.1158101414097858,1.6981875698661224,3.822763480392157,1,OGLE4-GSEP-full\phot\I\LMC570.20.12.dat,OGLE4-GSEP-full\phot\V\LMC570.20.12.dat,326,15.226868098159509,15.227,15.226576545137297,0.0082539180851574,0.004999999999999,0.0247500000000009,29,16.586896551724138,16.589,16.587371345029243,0.0165580037348928,0.0100000000000015,0.0362000000000009,1.3600284535646292,1.3619999999999983,1.3607947998919483,1.0207302750580096,0.0089109962205727,0.9796907414577946,0.0583618048222964,0.0781809340577519,-1.1068991451892132,1.0207302750580096,lomb_scargle,1.0,15.226443178929802,0.006702820434589,0.0030239741513529,0.0079950968266088,2.211863545921023,0.0617314776917926,0.002952675917368,1.7808977356029312,0.0001617718880942,4.105598204154594,0.0001511923440908,1.4698162157020849,0.0006140808793277,3.060733585408705,0.0547882302770302,0.5438027329487318,0.0512051943125745,2.4103083160728773,0.2079743583492099,2.220327950176567,worst
LMC571.11.4752,06:05:12.25,-65:39:18.2,ECL,,17.103,17.934,47.203,0.059,,BINARY,332,17.101,0.0488999999999997,0.0090000000000003,13.158346737016918,0.8309999999999995,1.6739696012197292,,,0,OGLE4-GSEP-full\phot\I\LMC571.11.4752.dat,OGLE4-GSEP-full\phot\V\LMC571.11.4752.dat,332,17.101939759036142,17.101,17.100825058789304,0.0188808311799156,0.0090000000000003,0.0488999999999997,29,17.937,17.93,17.93647227763019,0.026372333988481,0.0079999999999991,0.0558000000000014,0.835060240963859,0.8290000000000006,0.8356472188408866,0.051454083761779,-1.2885801508369572,19.434803360405315,0.0573581894124305,0.0010900596098082,-2.9625497520566864,0.051454083761779,lomb_scargle,1.0,17.101118520062318,0.0174898535906468,0.0073689635865079,0.0182792636675268,1.9790642407885888,0.0627074253522083,0.0067461482849946,3.595416694047607,0.0004718742728954,0.0050579957454176,0.0011311000233025,1.4419569151235512,0.0026998250061825,1.167432847802922,0.0699472132779876,5.380595222009376,0.1676660481683227,3.2220774473399025,0.400202440285477,5.635321993151253,worst
LMC563.24.25,05:48:46.22,-66:11:23.1,LPV,OSARG,14.988,16.579,10.867,0.004,18.496,LPV,336,14.987,0.0199999999999995,0.0039999999999995,1.0020883130160034,1.591000000000001,1.0361096670605796,1.267077816740435,1.7020336799484677,1,OGLE4-GSEP-full\phot\I\LMC563.24.25.dat,,336,14.98773511904762,14.987,14.98773511904762,0.0061424448424468,0.0039999999999995,0.0199999999999995,0,,,,,,,,,,0.3231174936737638,-0.4906395285180499,3.094849457484502,0.0577379253518196,0.0297338266010641,-1.5267491955786294,0.3231174936737638,lomb_scargle,1.0,14.987744023802913,0.0048917687034618,0.0021165786766158,0.0059460560250725,1.4488220250588624,0.062922601536713,0.0020353870317191,0.135060231674038,0.0004544585609076,3.138973540172988,0.0001678815403701,0.9233321427038952,0.0003199814529547,3.4831178387325505,0.2232786953171104,2.8688530768249114,0.0824813845002924,0.518151447681781,0.1572091439948338,2.9428769120363985,worst
LMC570.25.5849,06:00:12.77,-66:40:07.6,LPV,OSARG,15.566,16.964,10.56,0.005,167.3,LPV,330,15.566,0.0215500000000012,0.004999999999999,0.9766756953878516,1.397999999999998,1.0236639181977936,2.2234959409623944,15.842803030303031,1,OGLE4-GSEP-full\phot\I\LMC570.25.5849.dat,OGLE4-GSEP-full\phot\V\LMC570.25.5849.dat,330,15.56578181818182,15.566,15.565637136487734,0.0068935216733587,0.004999999999999,0.0215500000000012,29,16.961448275862068,16.964,16.96453063449388,0.0154771403017865,0.0090000000000003,0.0466000000000015,1.3956664576802478,1.397999999999998,1.3988934980061458,10.559162960840814,1.023629492450065,0.0947044764541043,0.0607866297087349,0.9999207349281072,-3.4425747728494827e-05,10.559162960840814,lomb_scargle,1.0,15.565763340276074,0.0048754902655965,0.0024632064771484,0.0066724439605016,1.2676909112903374,0.0631122095170679,0.0024206963613297,0.6421464007085544,0.0001771080027939,4.3538335850720165,0.0002212454684068,5.590011150194328,0.0003567891160993,1.878039262866547,0.0731640719683926,3.069540783654908,0.0913974474209996,3.6635719480686646,0.147391106872794,5.592638967211915,worst
LMC562.11.1616,05:56:28.18,-67:39:23.0,ECL,,19.772,21.07,3.26042,0.282,,BINARY,345,19.776,0.4642000000000017,0.0800000000000018,7.137198867615976,1.2980000000000018,0.5132735485137911,,,0,OGLE4-GSEP-full\phot\I\LMC562.11.1616.dat,,345,19.797776811594204,19.776,19.766501254186945,0.1652498620350262,0.0800000000000018,0.4642000000000017,0,,,,,,,,,,4.456865998621908,0.6490295766632611,0.2243729114380388,0.0781695260007658,1.366960697892268,0.1357560281494699,4.456865998621908,lomb_scargle,1.0,19.76908969928205,0.1059772562905766,0.043215832665949,0.1597652859575826,1.884787318985195,0.0652776417513681,0.039118886531301,4.394500303509746,0.0108960638617407,1.049599026376142,0.0037205368339146,1.590798246886684,0.0143092385384703,1.8207861090606177,0.2785371677954656,4.826969033715822,0.0951084543507567,0.9736679507166172,0.3657884926510055,3.0923408165603927,worst
LMC562.27.5330,05:58:50.46,-67:04:12.7,DSCT,,20.316,20.796,0.0697398,0.168,,PULS,342,20.3405,0.5296500000000002,0.105500000000001,1.7009226263589303,0.4800000000000004,-1.1565193024292268,,,0,OGLE4-GSEP-full\phot\I\LMC562.27.5330.dat,,342,20.34561988304094,20.3405,20.31139182390221,0.1675574623262658,0.105500000000001,0.5296500000000002,0,,,,,,,,,,0.0749831397124331,-1.1250363786485782,13.336331391764697,0.0984606970557002,1.0751843239073406,0.0314829237806486,0.0749831397124331,lomb_scargle,1.0,20.316995849592505,0.1990921876283781,0.0900134430631604,0.1587066567452953,1.345396454829474,0.1028548007602881,0.0815784676265973,2.001400582601036,0.029881262013329,1.890667392658813,0.018595302895302,3.3723523258329084,0.0144463989458889,3.7636660195039946,0.3662885916183438,4.171051534636328,0.2279437630578798,3.651335885209388,0.1770859316947862,2.041248996279438,worst
LMC571.19.5410,06:06:49.98,-65:24:34.9,DSCT,,20.327,20.814,0.071541,0.237,,PULS,331,20.361,0.579500000000003,0.1170000000000008,2.793735909557317,0.4869999999999983,-1.1454449935769486,,,0,OGLE4-GSEP-full\phot\I\LMC571.19.5410.dat,OGLE4-GSEP-full\phot\V\LMC571.19.5410.dat,331,20.372610271903326,20.361,20.31762702398196,0.1876550730452625,0.1170000000000008,0.579500000000003,29,20.825172413793105,20.873,20.74315408747789,0.2083520490772288,0.125,0.5786000000000016,0.4525621418897785,0.5120000000000005,0.4255270634959345,0.0667647901979526,-1.1754525113890428,14.97795465297014,0.1093559616024873,0.933238145929644,-0.0300075178120942,0.0667647901979526,lomb_scargle,1.0,20.323960135820425,0.1722928568766892,0.0898076727456328,0.177194061290208,0.8289103435227616,0.1083843035083571,0.0848802815392251,1.1631425611078634,0.0272572549999353,5.6561455321147776,0.0053947599681189,0.2434904586371626,0.009417775988175,3.987628675066724,0.321125878774791,3.3298604098990507,0.0635572817418837,3.0372480824931585,0.1109536374926243,5.618243737814857,worst
LMC571.16.3561,05:57:42.84,-65:45:44.9,DSCT,F/1O,20.156,20.547,0.0913978,0.105,0.0722326,PULS,329,20.162,0.5088000000000008,0.0929999999999999,0.320537845369528,0.3910000000000018,-1.039064257869661,-1.1412667525032605,0.7903100512266159,1,OGLE4-GSEP-full\phot\I\LMC571.16.3561.dat,OGLE4-GSEP-full\phot\V\LMC571.16.3561.dat,329,20.169,20.162,20.14269092411824,0.1509214583330211,0.0929999999999999,0.5088000000000008,29,20.617620689655165,20.615,20.557891503092804,0.1707122503331062,0.0670000000000001,0.5641999999999996,0.448620689655165,0.4529999999999994,0.415200578974563,0.0631048230288622,-1.1999374468608677,15.846649305119364,0.0944455016756815,0.6904413785546505,-0.1608731889912065,0.0631048230288622,lomb_scargle,1.0,20.142069737348315,0.135855771923563,0.064481872767417,0.142282925692646,0.767368894567239,0.1112009383652454,0.0600554037917253,1.4054038312148167,0.0200232631622273,0.1549636537045925,0.0087819990120354,5.671507879739659,0.0085560397787167,5.526930737167824,0.3334131801306154,3.6273412984545454,0.1462316204298914,1.4552963860952088,0.1424691074992936,6.188500719488143,worst
LMC562.02.10425,05:59:05.12,-67:48:00.0,ECL,,19.354,19.795,2.146099,0.461,,,345,19.325,0.4293999999999975,0.0560000000000009,2.6502893716173466,0.4410000000000025,0.3316497521881827,,,0,OGLE4-GSEP-full\phot\I\LMC562.02.10425.dat,,345,19.36253623188406,19.325,19.335170587399524,0.1332853840307522,0.0560000000000009,0.4293999999999975,0,,,,,,,,,,0.5169004205012809,-0.2865931145312612,1.93460860223371,0.2110910033334834,0.2408558135022107,-0.618242866719444,0.5169004205012809,lomb_scargle,1.0,19.343495096204887,0.165314016555143,0.0730083575140948,0.1139707398928893,3.256836473584435,0.2688244168862107,0.0689870222035549,4.11910138926383,0.0074320785731354,1.0279630933154782,0.0157747341298378,4.227162209677634,0.016338084514648,2.4529696231411258,0.1077315462494692,5.356130929146991,0.2286623429446258,4.436228656245316,0.2368283771756444,4.8261199876245655,random
LMC563.32.5630,05:49:00.05,-65:42:45.6,ECL,,14.329,15.089,0.3391781,0.431,,,337,14.3,0.4041999999999994,0.1030000000000015,-1.1427329834827051,0.7599999999999998,-0.4695721969701618,,,0,OGLE4-GSEP-full\phot\I\LMC563.32.5630.dat,OGLE4-GSEP-full\phot\V\LMC563.32.5630.dat,337,14.34142136498516,14.3,14.341421364985164,0.1393434879620034,0.1030000000000015,0.4041999999999994,29,15.130103448275865,15.11,15.130103448275865,0.1451044807882499,0.1229999999999993,0.3742000000000001,0.788682083290702,0.8099999999999987,0.7886820832907002,0.169589187018026,-0.7706018417497634,5.896602357635618,0.8612949161010053,0.5000004039707341,-0.3010296447796016,0.169589187018026,lomb_scargle,1.0,14.338231180609384,0.4059099595520191,0.1924193473912791,0.0171175596334441,12.006298153941117,0.9849092666815872,0.1865092600553666,3.4878612934984434,0.0442033508297593,0.7199010486112547,0.0164454579172978,4.183638410299413,0.0038873967377906,1.4819893713759698,0.2370035183059398,0.027363768793954,0.0881750209743789,0.0032398369836696,0.0208429154490056,0.0969148117413691,random
LMC563.22.663,05:51:54.67,-66:06:05.6,ECL,,17.883,17.835,3.87259,0.368,,,337,17.855,0.2865999999999999,0.0169999999999994,5.441716191460015,-0.0479999999999982,0.588001519665376,,,0,OGLE4-GSEP-full\phot\I\LMC563.22.663.dat,OGLE4-GSEP-full\phot\V\LMC563.22.663.dat,337,17.884451038575666,17.855,17.873776522399936,0.0872655266941978,0.0169999999999994,0.2865999999999999,29,17.853896551724134,17.838,17.851348369544635,0.067789772104429,0.0090000000000003,0.1672000000000011,-0.0305544868515319,-0.0169999999999994,-0.0224281528553014,1.9363058347050583,0.2869739541266882,0.5164473411568901,0.2655551017995922,0.5000027977929651,-0.3010275655386877,1.9363058347050583,lomb_scargle,1.0,17.883927474725347,0.2811899639849357,0.1094669463385796,0.0377806661711077,4.5339343832204975,0.8125636604491302,0.0682188316341036,1.222305804694993,0.0584114611404371,2.4892369399873573,0.0504034175282666,3.784503536961125,0.0371052565020336,5.003330558468954,0.856236610057044,0.0446253305973711,0.7388490292329959,0.117586122876145,0.5439151567568652,0.1141073396889815,random
LMC563.19.2,05:56:20.23,-66:12:08.6,LPV,SRV,13.68,16.612,97.9,0.176,418.0,,335,13.658,0.3305999999999987,0.0830000000000001,-0.8873001653659478,2.9319999999999986,1.990782691803138,2.621176281775035,4.269662921348314,1,OGLE4-GSEP-full\phot\I\LMC563.19.2.dat,OGLE4-GSEP-full\phot\V\LMC563.19.2.dat,335,13.66780895522388,13.658,13.66780895522388,0.1000799945482883,0.0830000000000001,0.3305999999999987,29,16.600758620689653,16.608,16.57604647899871,0.238728425378596,0.1600000000000001,0.7690000000000019,2.932949665465772,2.950000000000001,2.908237523774828,0.9980760351517338,-0.0008363721505309,1.0019276736245588,0.5635831688301852,0.0101948522487408,-1.9916190639536688,0.9980760351517338,lomb_scargle,0.85,13.629601200313552,0.2457710341293069,0.1164953771088473,0.0651676154043671,174.041379700879,0.5759968204323471,0.1015951803862742,3.9402750338852326,0.0341769348368634,1.4963076586242,0.0389579522158854,1.2608148254386349,0.0237446266408746,0.867356949315037,0.3364031119086514,6.182128205212908,0.3834626019439474,2.006360338142109,0.233718042042894,3.9558127353128647,random
LMC562.13.5,05:53:54.17,-67:44:10.4,LPV,OSARG,14.589,16.209,30.41,0.013,20.759,,343,14.589,0.0339000000000009,0.0079999999999991,-0.1301450291907246,1.6199999999999992,1.4830164201441325,1.3172064288998246,0.6826372903650115,1,OGLE4-GSEP-full\phot\I\LMC562.13.5.dat,OGLE4-GSEP-full\phot\V\LMC562.13.5.dat,343,14.588559766763847,14.589,14.588559766763847,0.0105880497546177,0.0079999999999991,0.0339000000000009,29,16.20668965517242,16.203,16.206689655172415,0.0192522789899123,0.0190000000000019,0.0524000000000022,1.6181298884085695,1.613999999999999,1.618129888408566,1.0310942174365774,0.0132983512614773,0.9698434760754636,0.1449531528321086,0.0339064195145207,-1.469718068882655,1.0310942174365774,lomb_scargle,1.0,14.588484914775393,0.0147603750707013,0.0060697912329753,0.0096790414321367,3.837110697173266,0.1643339650637967,0.0057263724380912,5.892300263204064,0.0014963785137189,3.4637361162915035,0.0003744308524273,2.1796401231436,0.0012929335607848,1.979052252931614,0.2613135156500109,4.245506204242549,0.0653870939194666,3.3522952550701675,0.2257857962895333,3.542592428833704,random
LMC571.17.11625,06:09:09.78,-65:20:25.5,LPV,SRV,13.995,16.829,93.5,0.133,478.0,,326,13.8785,0.5090000000000003,0.1104999999999991,-1.214731799196611,2.8340000000000014,1.970811610872517,2.6794278966121188,5.112299465240642,1,OGLE4-GSEP-full\phot\I\LMC571.17.11625.dat,,326,13.952634969325151,13.8785,13.952634969325151,0.1766061028769495,0.1104999999999991,0.5090000000000003,0,,,,,,,,,,741.3948989999999,2.87004959363882,0.0013488088484946,0.5501447034228399,7.929357208556149,0.899237982766302,741.3948989999999,lomb_scargle,0.9,13.976156390930228,0.424919397375946,0.227339787472682,0.0525810874903974,113.38176625156714,0.9113563329820102,0.2195912874436924,3.1224663471885057,0.0414057113277857,0.8188660319092899,0.0386238984523914,5.949767825076596,0.0160251984301386,4.720253812374178,0.1885580790103205,0.857118644711865,0.1758899403615698,2.865554090690666,0.0729773872938735,4.796759037979328,random
LMC562.27.27,05:58:26.93,-66:59:07.7,OTHER,,14.871,17.052,4.0639,0.02,,,345,14.871,0.0300000000000011,0.0069999999999996,-0.1878658420334114,2.180999999999999,0.6089430127644165,,,0,OGLE4-GSEP-full\phot\I\LMC562.27.27.dat,OGLE4-GSEP-full\phot\V\LMC562.27.27.dat,345,14.87136811594203,14.871,14.87136811594203,0.0096983949276446,0.0069999999999996,0.0300000000000011,29,17.051137931034482,17.051,17.051496205126362,0.0158558779950865,0.0080000000000026,0.0524000000000022,2.1797698150924525,2.179999999999998,2.1801280891843327,4.063692287962017,0.6089208147533095,0.2460816245763308,0.498498465764123,0.9999488884967684,-2.219801110703301e-05,4.063692287962017,lomb_scargle,1.0,14.871241020848728,0.0194075072667501,0.0097287323959874,0.0068216836678752,1.905734120738972,0.5052527109068536,0.0096629808567752,1.1556471343054078,0.0005584053261423,3.3668271501587745,0.0009549467964749,5.479062967679951,0.0002264842201312,6.224472171295484,0.0577881022863519,1.055532881547959,0.0988252807937006,2.012121564763728,0.0234383389026856,1.601883634073853,random
LMC562.07.11198,05:50:18.13,-67:55:03.1,OTHER,,17.177,18.295,36.51,0.02,,,345,17.178,0.046800000000001,0.009999999999998,-0.4004278027059427,1.118000000000002,1.5624118329497274,,,0,OGLE4-GSEP-full\phot\I\LMC562.07.11198.dat,OGLE4-GSEP-full\phot\V\LMC562.07.11198.dat,345,17.176840579710145,17.178,17.176863856012,0.0137170569301781,0.009999999999998,0.046800000000001,29,18.29258620689655,18.291,18.29153420292709,0.0174653069200861,0.0109999999999992,0.0565999999999995,1.1157456271864064,1.1129999999999995,1.1146703469150872,0.9707976857053512,-0.0128712676579783,1.0300807415640174,0.2053337049618991,0.0265899119612531,-1.5752831006077057,0.9707976857053512,lomb_scargle,1.0,17.17678728427291,0.0188347567979228,0.0088277594074076,0.012184514912254,1.3014298010977332,0.2109680207241167,0.0086682009253633,2.829869688452912,0.0012148137405373,2.507487727966604,0.0007688052992262,2.731583864184388,0.0008513488475867,5.501595169091599,0.1401460061894494,3.130933658240366,0.0886926025187879,0.5251601060052389,0.0982151723197475,0.4653017224595368,random
LMC570.05.7053,06:04:46.76,-67:14:49.5,OTHER,,17.781,18.97,21.735,0.152,,,330,17.78,0.2036500000000032,0.0389999999999979,0.067435073874964,1.189,1.337159644526856,,,0,OGLE4-GSEP-full\phot\I\LMC570.05.7053.dat,,330,17.785045454545454,17.78,17.780096997633937,0.0587211306080182,0.0389999999999979,0.2036500000000032,0,,,,,,,,,,21.761197190780763,1.337682784364725,0.0459533540932047,0.601827901404863,1.0012052997828738,0.0005231398378691,21.761197190780763,lomb_scargle,1.0,17.781898182570536,0.1587859296572819,0.0664998775697693,0.0309087254056311,1.8788695231111967,0.7229402902692132,0.0607590306437123,5.986593758744072,0.0266116784017195,0.5616441169160457,0.0011316452171201,4.038511394476324,0.004594764822791,6.261920889160375,0.4379872114446488,1.1548272137870743,0.0186251361341824,4.928286039782865,0.0756227473366797,1.165101775722846,random
LMC563.08.7287,06:00:00.34,-66:17:33.6,RRLYR,RRab,18.682,19.225,0.6233429,0.452,,,326,18.685,0.3815000000000026,0.1014999999999997,-0.8458088194611122,0.5430000000000028,-0.2052729828591081,,,0,OGLE4-GSEP-full\phot\I\LMC563.08.7287.dat,,326,18.68302453987729,18.685,18.65981553086907,0.1247006483689391,0.1014999999999997,0.3815000000000026,0,,,,,,,,,,0.623347371559269,-0.2052698674525627,1.6042419453836072,0.7244001715397131,1.0000071735143994,3.1154065453509183e-06,0.623347371559269,lomb_scargle,1.0,18.685509096694155,0.4181021427664025,0.1722054866064989,0.0415066415443299,1.7885568336113793,0.8892107134261426,0.1501211478174945,4.614598548734207,0.0663326562857301,1.0975711852938237,0.0474217360663078,4.263027789512375,0.0216686006441499,1.210026276998886,0.4418608387298782,4.434744702184581,0.3158897780608463,2.985602757668925,0.1443407605069266,1.6011880036008144,random
LMC562.11.122,05:56:56.80,-67:39:27.4,DCEP,1O,16.013,16.62,1.166596,0.204,,,345,16.031,0.204600000000001,0.0619999999999993,-1.326053492161869,0.6069999999999993,0.0669204829967003,,,0,OGLE4-GSEP-full\phot\I\LMC562.11.122.dat,,345,16.01697391304348,16.031,16.013588091803676,0.0709507437481993,0.0619999999999993,0.204600000000001,0,,,,,,,,,,0.5376795847004968,-0.2694764530528065,1.8598437219018256,0.6142698536441731,0.460896132594743,-0.3363969360495069,0.5376795847004968,lomb_scargle,1.0,16.013497780013292,0.1737670816068763,0.0812756539204696,0.0412107609657278,50.99202280893306,0.6626292992757093,0.0805458244826332,3.735141196636744,0.0074605958772508,4.798489206817596,0.006128965927472,5.19560866344732,0.0049877213664195,5.683522189376639,0.0926254827630386,3.6113921207236954,0.076092906948808,0.2733703807166741,0.0619240214928203,3.309328017188836,random
LMC571.13.5238,06:02:39.63,-65:44:25.7,RRLYR,RRab,18.741,19.176,0.4825416,0.819,,,331,18.814,0.7199999999999989,0.1649999999999991,-0.6085365416897273,0.4349999999999987,-0.3164652400991313,,,0,OGLE4-GSEP-full\phot\I\LMC571.13.5238.dat,,331,18.77400302114804,18.814,18.697827854362,0.2286531116022488,0.1649999999999991,0.7199999999999989,0,,,,,,,,,,0.9348483853866256,-0.0292588177147658,1.0696921721551989,0.4315053441424377,1.9373425739596868,0.2872064223843654,0.9348483853866256,lomb_scargle,1.0,18.73394461872876,0.5794500004502627,0.261475160197572,0.1608903475191583,14.836372485475891,0.5048853830910244,0.2391031507364476,2.261030248107915,0.0833373057075074,2.7101566911006287,0.0452443020999871,3.637030253175154,0.0469764761678451,3.939507290362427,0.3485412277120777,4.471281502064385,0.1892250351391556,3.137124816030995,0.1964694987211822,1.1785716051103527,random
